{
  "_format": "hh-sol-cache-2",
  "files": {
    "D:\\Kam_Karte_Chalo\\EthIndia\\three-transform\\project-builder\\setup-90338\\contracts\\.sol": {
      "lastModificationDate": 1702134780057,
      "contentHash": "4b3fd056c2e4e35fa436996519b93a26",
      "sourceName": "contracts/.sol",
      "solcConfig": {
        "version": "0.8.17",
        "settings": {
          "optimizer": {
            "enabled": false,
            "runs": 200
          },
          "outputSelection": {
            "*": {
              "*": [
                "abi",
                "evm.bytecode",
                "evm.deployedBytecode",
                "evm.methodIdentifiers",
                "metadata"
              ],
              "": [
                "ast"
              ]
            }
          }
        }
      },
      "imports": [],
      "versionPragmas": [
        "^0.8.0"
      ],
      "artifacts": [
        "RedditVotingSystem"
      ]
    }
  }
}
