{
  "_format": "hh-sol-cache-2",
  "files": {
    "D:\\Kam_Karte_Chalo\\EthIndia\\three-transform\\project-builder\\setup-38534\\contracts\\Greeter.sol": {
      "lastModificationDate": 1702146013522,
      "contentHash": "96908b960df2c02253d61aa0e0bebd73",
      "sourceName": "contracts/Greeter.sol",
      "solcConfig": {
        "version": "0.8.17",
        "settings": {
          "optimizer": {
            "enabled": false,
            "runs": 200
          },
          "outputSelection": {
            "*": {
              "*": [
                "abi",
                "evm.bytecode",
                "evm.deployedBytecode",
                "evm.methodIdentifiers",
                "metadata"
              ],
              "": [
                "ast"
              ]
            }
          }
        }
      },
      "imports": [],
      "versionPragmas": [
        "^0.8.0"
      ],
      "artifacts": [
        "Greeter"
      ]
    }
  }
}
